name, code, section
신한 K200 USD 선물 바이셀 ETN, Q500001, 17
신한 USD K200 선물 바이셀 ETN, Q500002, 17
신한 인버스 WTI원유 선물 ETN(H), Q500003, 17
신한 브렌트원유 선물 ETN(H), Q500004, 17
신한 인버스 브렌트원유 선물 ETN(H), Q500005, 17
신한 인버스 금 선물 ETN(H), Q500006, 17
신한 인버스 은 선물 ETN(H), Q500007, 17
신한 인버스 구리 선물 ETN(H), Q500008, 17
신한 다우존스지수 선물 ETN(H), Q500009, 17
신한 인버스 다우존스지수 선물 ETN(H), Q500010, 17
신한 달러인덱스 선물 ETN(H), Q500011, 17
신한 인버스 달러인덱스 선물 ETN(H), Q500012, 17
신한 옥수수 선물 ETN(H), Q500013, 17
신한 인버스 옥수수 선물 ETN(H), Q500014, 17
신한 WTI원유 선물 ETN(H), Q500015, 17
신한 금 선물 ETN(H), Q500016, 17
신한 은 선물 ETN(H), Q500017, 17
신한 구리 선물 ETN(H), Q500018, 17
신한 레버리지 WTI원유 선물 ETN(H), Q500019, 17
신한 레버리지 다우존스지수 선물 ETN(H), Q500020, 17
신한 천연가스 선물 ETN(H), Q500021, 17
신한 인버스 천연가스 선물 ETN(H), Q500022, 17
신한 콩 선물 ETN(H), Q500023, 17
신한 인버스 콩 선물 ETN(H), Q500024, 17
신한 인버스 2X WTI원유 선물 ETN(H), Q500027, 17
신한 인버스 2X 다우존스지수 선물 ETN(H), Q500028, 17
신한 레버리지 은 선물 ETN(H), Q500029, 17
신한 인버스 2X 은 선물 ETN(H), Q500030, 17
신한 레버리지 천연가스 선물 ETN(H), Q500031, 17
신한 인버스 2X 천연가스 선물 ETN(H), Q500032, 17
신한 레버리지 미국달러 선물 ETN, Q500035, 17
신한 인버스 2X 미국달러 선물 ETN, Q500036, 17
신한 레버리지 금 선물 ETN, Q500037, 17
신한 인버스 2X 금 선물 ETN, Q500038, 17
신한 코스피 콘도르 4/10% ETN, Q500039, 17
신한 레버리지 구리 선물 ETN, Q500040, 17
신한 인버스 2X 구리 선물 ETN, Q500041, 17
신한 코스피 콘도르 6/10% ETN, Q500042, 17
신한 코스피 콘도르 4/10% 콜 2204-01 ETN, Q500043, 17
신한 코스피 콘도르 6/10% 콜 2204-01 ETN, Q500044, 17
신한 S&P500 VIX S/T 선물 ETN B, Q500045, 17
신한 코스피 월별 양매도 3% OTM ETN, Q500046, 17
신한 코스피 월별 양매도 5% OTM ETN, Q500047, 17
신한 코스피 월별 양매도 3% 콜 2206-1 ETN, Q500048, 17
신한 코스피 월별 양매도 5% 콜 2206-1 ETN, Q500049, 17
신한 레버리지 S&P500 선물 ETN, Q500050, 17
신한 인버스 2X S&P500 선물 ETN, Q500051, 17
신한 FnGuide 5G 테마주 ETN, Q500052, 17
신한 레버리지 천연가스 선물 ETN, Q500053, 17
신한 인버스 2X 천연가스 선물 ETN, Q500054, 17
대신 WTI원유 선물 ETN(H), Q510001, 17
대신 아연선물 ETN(H), Q510002, 17
대신 니켈선물 ETN(H), Q510003, 17
대신 인버스 아연선물 ETN(H), Q510004, 17
대신 2X 아연선물 ETN(H), Q510005, 17
대신 인버스 니켈선물 ETN(H), Q510006, 17
대신 2X 니켈선물 ETN(H), Q510007, 17
대신 철광석 선물 ETN(H), Q510008, 17
대신 인버스 철광석 선물 ETN(H), Q510009, 17
대신 인버스 2X 니켈선물 ETN(H), Q510010, 17
대신 골드 커버드콜 타겟 5%인컴 ETN(H), Q510011, 17
미래에셋 원자재 선물 ETN(H), Q520003, 17
미래에셋 전기전자 Core5 ETN, Q520004, 17
미래에셋 인버스 전기전자 Core5 ETN, Q520005, 17
미래에셋 에너지화학 Core5 ETN, Q520006, 17
미래에셋 인버스 에너지화학 Core5 ETN, Q520007, 17
미래에셋 레버리지 원유선물혼합 ETN(H), Q520009, 17
미래에셋 원유선물혼합 ETN(H), Q520010, 17
미래에셋 인버스 원유선물혼합 ETN(H), Q520011, 17
미래에셋 호주 ASX200 ETN(H), Q520012, 17
미래에셋 Q150 Core5 ETN, Q520013, 17
미래에셋 미디어엔터 Core5 ETN, Q520014, 17
미래에셋 인버스 미디어엔터 Core5 ETN, Q520015, 17
미래에셋 미국 시니어론 100 ETN(H), Q520020, 17
미래에셋 미국 시니어론 100 ETN, Q520021, 17
미래에셋 코스피 양매도 5% OTM ETN, Q520026, 17
삼성 인버스 China A50 선물 ETN(H), Q530002, 17
삼성 모멘텀 탑픽 ETN, Q530003, 17
삼성 화장품 테마주 ETN, Q530004, 17
삼성 바이오 테마주 ETN, Q530005, 17
삼성 음식료 테마주 ETN, Q530006, 17
삼성 레저 테마주 ETN, Q530007, 17
삼성 미디어 테마주 ETN, Q530008, 17
삼성 증권 테마주 ETN, Q530009, 17
삼성 건축자재 테마주 ETN, Q530010, 17
삼성 온라인쇼핑 테마주 ETN, Q530011, 17
삼성 화학 테마주 ETN, Q530012, 17
삼성 KTOP30 ETN, Q530013, 17
삼성 China A50 선물 ETN(H), Q530014, 17
삼성 미국 대형 성장주 ETN(H), Q530015, 17
삼성 미국 대형 가치주 ETN(H), Q530016, 17
삼성 미국 중소형 성장주 ETN(H), Q530017, 17
삼성 미국 중소형 가치주 ETN(H), Q530018, 17
삼성 미국 대형 성장주 ETN, Q530019, 17
삼성 미국 대형 가치주 ETN, Q530020, 17
삼성 미국 중소형 성장주 ETN, Q530021, 17
삼성 미국 중소형 가치주 ETN, Q530022, 17
삼성 레버리지 China A50 선물 ETN(H), Q530023, 17
삼성 레버리지 WTI원유 선물 ETN, Q530031, 17
삼성 Cushing 에너지인프라 MLP ETN, Q530032, 17
삼성 Alerian 에너지인프라 MLP ETN, Q530033, 17
삼성 인버스 2X WTI원유 선물 ETN, Q530036, 17
삼성 레버리지 천연가스 선물 ETN, Q530037, 17
삼성 인버스 2X 천연가스 선물 ETN, Q530038, 17
삼성 코스피 풋매도 ETN, Q530053, 17
삼성 레버리지 금 선물 ETN(H), Q530055, 17
삼성 인버스 2X 금 선물 ETN(H), Q530056, 17
삼성 코스피 양매도 5% OTM ETN, Q530060, 17
삼성 레버리지 은 선물 ETN(H), Q530061, 17
삼성 인버스 2X 은 선물 ETN(H), Q530062, 17
삼성 레버리지 구리 선물 ETN(H), Q530063, 17
삼성 인버스 2X 구리 선물 ETN(H), Q530064, 17
삼성 S&P500 VIX S/T 선물 ETN(H) B, Q530065, 17
삼성 코스피 풋매도 4% OTM ETN, Q530066, 17
삼성 KRX 금현물 ETN, Q530067, 17
삼성 레버리지 천연가스 선물 ETN B, Q530068, 17
삼성 인버스 2X 천연가스 선물 ETN B, Q530069, 17
QV Big Vol ETN, Q550001, 17
QV WISE 배당 ETN, Q550002, 17
QV 롱숏 K150 매수 로우볼 매도 ETN, Q550004, 17
QV 에너지 TOP5 ETN, Q550005, 17
QV 내수소비 TOP5 ETN, Q550006, 17
QV 조선 TOP5 ETN, Q550007, 17
QV 소프트웨어 TOP5 ETN, Q550008, 17
QV 하드웨어 TOP5 ETN, Q550009, 17
QV 운송 TOP5 ETN, Q550010, 17
QV 자동차 TOP5 ETN, Q550011, 17
QV 의료 TOP5 ETN, Q550012, 17
QV 화학 TOP5 ETN, Q550013, 17
QV 바이오 TOP5 ETN, Q550014, 17
QV 제약 TOP5 ETN, Q550015, 17
QV 건설 TOP5 ETN, Q550016, 17
QV CHINEXT ETN(H), Q550018, 17
QV KTOP30 ETN, Q550026, 17
QV 스마트리밸런싱 260/4 ETN, Q550033, 17
QV 미국 IT TOP5 ETN(H), Q550041, 17
QV 레버리지 WTI원유 선물 ETN(H), Q550042, 17
QV 인버스 레버리지 WTI원유 선물 ETN(H), Q550043, 17
QV 레버리지 S&P500 ETN, Q550044, 17
QV 인버스 레버리지 S&P500 ETN, Q550045, 17
QV 레버리지 10년 국채선물 ETN, Q550046, 17
QV 인버스 레버리지 10년 국채선물 ETN, Q550047, 17
QV MSCI 선진국 ETN, Q550052, 17
QV 인버스 MSCI 선진국 ETN, Q550053, 17
QV 레버리지 MSCI 선진국 ETN, Q550054, 17
QV 인버스 레버리지 MSCI 선진국 ETN, Q550055, 17
QV 코스피 양매도 5% OTM ETN, Q550056, 17
QV 코스피 변동성 매칭형 양매도 ETN, Q550057, 17
QV S&P500 VIX S/T 선물 ETN B, Q550058, 17
TRUE 빅5 동일가중 ETN, Q570003, 17
TRUE 섹터탑픽 ETN, Q570008, 17
TRUE 코리아프리미어 ETN, Q570009, 17
TRUE 코스피 양매도 5% OTM ETN, Q570019, 17
TRUE 코스피 커버드콜 ETN B, Q570020, 17
TRUE 코스피 커버드풋 ETN B, Q570021, 17
TRUE 레버리지 S&P500 선물 ETN(H), Q570022, 17
TRUE 인버스 2X S&P500 선물 ETN(H), Q570023, 17
TRUE 코스피 타겟볼20 ETN, Q570024, 17
TRUE 인버스 유로스탁스50 ETN(H) B, Q570025, 17
TRUE 레버리지 유로스탁스50 ETN(H), Q570026, 17
TRUE 인버스 2X 유로스탁스50 ETN(H), Q570027, 17
TRUE 인버스 HSCEI ETN(H) B, Q570028, 17
TRUE 코스피 양매도 3% OTM ETN, Q570029, 17
TRUE 코스피 양매도 ATM ETN, Q570030, 17
TRUE 레버리지 HSCEI ETN(H), Q570031, 17
TRUE 인버스 2X HSCEI ETN(H), Q570032, 17
TRUE 엔선물 ETN B, Q570034, 17
TRUE 레버리지 엔선물 ETN B, Q570035, 17
TRUE 인버스 엔선물 ETN B, Q570036, 17
TRUE 유로선물 ETN B, Q570037, 17
TRUE 인버스 유로선물 ETN B, Q570038, 17
TRUE 인버스 나스닥 100 ETN, Q570042, 17
TRUE 레버리지 나스닥 100 ETN, Q570043, 17
TRUE 인버스 2X 나스닥 100 ETN, Q570044, 17
TRUE 레버리지 천연가스 선물 ETN(H), Q570045, 17
TRUE 인버스 2X 천연가스 선물 ETN(H), Q570046, 17
TRUE FTSE100 ETN, Q570047, 17
TRUE 유로스탁스50 양매도 5% OTM ETN(H), Q570048, 17
TRUE S&P500 양매도 4% OTM ETN(H), Q570049, 17
TRUE S&P500 선물 ETN, Q570050, 17
TRUE 나스닥 100 ETN, Q570051, 17
KB KTOP30 ETN, Q580006, 17
KB KQ 우량주30 ETN, Q580007, 17
KB 코스피 양매도 5% OTM ETN, Q580008, 17
KB 코스피 마운틴 ETN, Q580009, 17
KB Wise 분할매매 ETN, Q580010, 17
KB FnGuide 언택트 ETN, Q580011, 17
KB KRX300 ETN, Q580012, 17
미래에셋 유럽 대형주 ETN(H), Q590003, 17
미래에셋 유럽 중형주 ETN(H), Q590004, 17
미래에셋 일본 대형주 ETN(H), Q590005, 17
미래에셋 일본 중형주 ETN(H), Q590006, 17
미래에셋 미국 대형주 ETN(H), Q590007, 17
미래에셋 미국 중형주 ETN(H), Q590008, 17
미래에셋 미국 항공우주 ETN(H), Q590009, 17
미래에셋 레버리지 S&P500 ETN(H), Q590010, 17
미래에셋 인버스 S&P500 ETN(H), Q590011, 17
미래에셋 글로벌 리츠 ETN(H), Q590012, 17
미래에셋 미국 리츠 ETN(H), Q590013, 17
미래에셋 미국 헬스케어 ETN(H), Q590016, 17
미래에셋 미국 고배당주 ETN(H), Q590017, 17
미래에셋 중국 심천 100 ETN, Q590018, 17
하나 코스피 변동성추세 추종 양매도 ETN, Q700001, 17
